Название датасета,Топик,Название класса,Количество примеров,Тип текста,Комментарий,Ссылка на датасет,
Amazon product data,animals&pets,Pet Supplies,157836,Reviews,,https://jmcauley.ucsd.edu/data/amazon/,
Amazon product data,beauty,Beauty,198502,Reviews,,https://jmcauley.ucsd.edu/data/amazon/,
Amazon product data,books&literature,Books,8898041,Reviews,,https://jmcauley.ucsd.edu/data/amazon/,
Amazon product data,clothes,Clothing Shoes and Jewelry,278677,Reviews,,https://jmcauley.ucsd.edu/data/amazon/,
Amazon product data,family&Relationships,Baby,160792,Reviews,,https://jmcauley.ucsd.edu/data/amazon/,
Amazon product data,food,Grocery and Gourmet Food,151254,Reviews,,https://jmcauley.ucsd.edu/data/amazon/,
Amazon product data,gadgets,Electronics,1689188,Reviews,,https://jmcauley.ucsd.edu/data/amazon/,
Amazon product data,gadgets,CDs and Vinyl,1097592,Reviews,,https://jmcauley.ucsd.edu/data/amazon/,
Amazon product data,gadgets,Kindle Store,982619,Reviews,,https://jmcauley.ucsd.edu/data/amazon/,
Amazon product data,gadgets,Cell Phones and Accessories,194439,Reviews,,https://jmcauley.ucsd.edu/data/amazon/,
Amazon product data,garden,Patio Lawn and Garden,13272,Reviews,,https://jmcauley.ucsd.edu/data/amazon/,
Amazon product data,health&medicine,Health and Personal Care,346355,Reviews,,https://jmcauley.ucsd.edu/data/amazon/,
Amazon product data,home&design,Home and Kitchen,551682,Reviews,,https://jmcauley.ucsd.edu/data/amazon/,
Amazon product data,home&design,Tools and Home Improvement,134476,Reviews,,https://jmcauley.ucsd.edu/data/amazon/,
Amazon product data,home&design,Office Products,53258,Reviews,,https://jmcauley.ucsd.edu/data/amazon/,
Amazon product data,movies&tv,Movies and TV,1697533,Reviews,,https://jmcauley.ucsd.edu/data/amazon/,
Amazon product data,music,Digital Music,64706,Reviews,,https://jmcauley.ucsd.edu/data/amazon/,
Amazon product data,music,Musical Instruments,10261,Reviews,,https://jmcauley.ucsd.edu/data/amazon/,
Amazon product data,no label,Amazon Instant Video,37126,Reviews,,https://jmcauley.ucsd.edu/data/amazon/,
Amazon product data,science&technology,Apps for Android,752937,Reviews,,https://jmcauley.ucsd.edu/data/amazon/,
Amazon product data,sports,Sports and Outdoors,296337,Reviews,,https://jmcauley.ucsd.edu/data/amazon/,
Amazon product data,toys&games,Toys and Games,167597,Reviews,,https://jmcauley.ucsd.edu/data/amazon/,
Amazon product data,transport,Automotive,20473,Reviews,,https://jmcauley.ucsd.edu/data/amazon/,
Amazon product data,videogames,Video Games,231780,Reviews,,https://jmcauley.ucsd.edu/data/amazon/,
Amazon Review Data (2018),animals&pets,Pet Supplies,2098325,Reviews,,https://nijianmo.github.io/amazon/index.html,
Amazon Review Data (2018),art&hobbies,Arts Crafts and Sewing,494485,Reviews,,https://nijianmo.github.io/amazon/index.html,
Amazon Review Data (2018),beauty,All Beauty,5269,Reviews,,https://nijianmo.github.io/amazon/index.html,
Amazon Review Data (2018),beauty,Luxury Beauty,34278,Reviews,,https://nijianmo.github.io/amazon/index.html,
Amazon Review Data (2018),books&literature,Books,27164983,Reviews,,https://nijianmo.github.io/amazon/index.html,
Amazon Review Data (2018),clothes,Amazon Fashion,3176,Reviews,,https://nijianmo.github.io/amazon/index.html,
Amazon Review Data (2018),clothes,Clothing Shoes and Jewelry,11285464,Reviews,,https://nijianmo.github.io/amazon/index.html,
Amazon Review Data (2018),food,Grocery and Gourmet Food,1143860,Reviews,,https://nijianmo.github.io/amazon/index.html,
Amazon Review Data (2018),gadgets,CDs and Vinyl,1443755,Reviews,,https://nijianmo.github.io/amazon/index.html,
Amazon Review Data (2018),gadgets,Cell Phones and Accessories,1128437,Reviews,,https://nijianmo.github.io/amazon/index.html,
Amazon Review Data (2018),gadgets,Electronics,6739590,Reviews,,https://nijianmo.github.io/amazon/index.html,
Amazon Review Data (2018),gadgets,Kindle Store,2222983,Reviews,,https://nijianmo.github.io/amazon/index.html,
Amazon Review Data (2018),garden,Patio Lawn and Garden,798415,Reviews,,https://nijianmo.github.io/amazon/index.html,
Amazon Review Data (2018),home&design,Appliances,2277,Reviews,,https://nijianmo.github.io/amazon/index.html,
Amazon Review Data (2018),home&design,Home and Kitchen,6898955,Reviews,,https://nijianmo.github.io/amazon/index.html,
Amazon Review Data (2018),home&design,Office Products,800357,Reviews,,https://nijianmo.github.io/amazon/index.html,
Amazon Review Data (2018),home&design,Tools and Home Improvement,2070831,Reviews,,https://nijianmo.github.io/amazon/index.html,
Amazon Review Data (2018),movies&tv,Movies and TV,3410019,Reviews,,https://nijianmo.github.io/amazon/index.html,
Amazon Review Data (2018),music,Digital Music,169781,Reviews,,https://nijianmo.github.io/amazon/index.html,
Amazon Review Data (2018),music,Musical Instruments,231392,Reviews,,https://nijianmo.github.io/amazon/index.html,
Amazon Review Data (2018),no label,Gift Cards,2972,Reviews,,https://nijianmo.github.io/amazon/index.html,
Amazon Review Data (2018),no label,Magazine Subscriptions,2375,Reviews,,https://nijianmo.github.io/amazon/index.html,
Amazon Review Data (2018),no label,Prime Pantry,137788,Reviews,,https://nijianmo.github.io/amazon/index.html,
Amazon Review Data (2018),science&technology,Industrial and Scientific,77071,Reviews,,https://nijianmo.github.io/amazon/index.html,
Amazon Review Data (2018),science&technology,Software,12805,Reviews,,https://nijianmo.github.io/amazon/index.html,
Amazon Review Data (2018),sports,Sports and Outdoors,2839940,Reviews,,https://nijianmo.github.io/amazon/index.html,
Amazon Review Data (2018),toys&games,Toys and Games,1828971,Reviews,,https://nijianmo.github.io/amazon/index.html,
Amazon Review Data (2018),transport,Automotive,1711519,Reviews,,https://nijianmo.github.io/amazon/index.html,
Amazon Review Data (2018),videogames,Video Games,497577,Reviews,,https://nijianmo.github.io/amazon/index.html,
CCPE,movies&tv,movies,11971,dialog,chit-chat,https://github.com/google-research-datasets/ccpe,
CIRCA,books&literature,X wants to know what sorts of books Y likes to read.,3445,dialog,chit-chat,https://huggingface.co/datasets/circa,
CIRCA,food,X wants to know about Y's food preferences.,3210,dialog,chit-chat,https://huggingface.co/datasets/circa,
CIRCA,leisure,X wants to know what activities Y likes to do during weekends.,3465,dialog,chit-chat,https://huggingface.co/datasets/circa,
CIRCA,music,X wants to know about Y's music preferences.,3483,dialog,chit-chat,https://huggingface.co/datasets/circa,
CIRCA,no label,Y has just told X that he/she is thinking of buying a flat in New York.,3500,dialog,chit-chat,https://huggingface.co/datasets/circa,
CIRCA,no label,Y has just told X that he/she is considering switching his/her job.,3479,dialog,chit-chat,https://huggingface.co/datasets/circa,
CIRCA,no label,X and Y are colleagues who are leaving work on a Friday at the same time.,3452,dialog,chit-chat,https://huggingface.co/datasets/circa,
CIRCA,no label,X and Y are childhood neighbours who unexpectedly run into each other at a cafe.,3391,dialog,chit-chat,https://huggingface.co/datasets/circa,
CIRCA,no label,Y has just moved into a neighbourhood and meets his/her new neighbour X.,3356,dialog,chit-chat,https://huggingface.co/datasets/circa,
CIRCA,travel,Y has just travelled from a different city to meet X.,3487,dialog,chit-chat,https://huggingface.co/datasets/circa,
FEVER,no label,climat change,1535,Claims,chit-chat,https://huggingface.co/datasets/climate_fever,
MultiWOZ 2.2,food,restaurant,3836,dialog,task-oriented,https://github.com/budzianowski/multiwoz,
MultiWOZ 2.2,health&medicine,hospital,107,dialog,task-oriented,https://github.com/budzianowski/multiwoz,
MultiWOZ 2.2,leisure,attraction,2681,dialog,task-oriented,https://github.com/budzianowski/multiwoz,
MultiWOZ 2.2,MassTransit,train,2963,dialog,task-oriented,https://github.com/budzianowski/multiwoz,
MultiWOZ 2.2,MassTransit,taxi,1463,dialog,task-oriented,https://github.com/budzianowski/multiwoz,
MultiWOZ 2.2,MassTransit,bus,6,dialog,task-oriented,https://github.com/budzianowski/multiwoz,
MultiWOZ 2.2,travel,hotel,3369,dialog,task-oriented,https://github.com/budzianowski/multiwoz,
Reddit,ArtificialIntelligence,ArtificialIntelligence,?,dialog,chit-chat,https://www.reddit.com/r/artificial/,
Reddit,ArtificialIntelligence,ArtificialIntelligence,?,dialog,chit-chat,https://www.reddit.com/r/ArtificialInteligence/,
Reddit,ArtificialIntelligence,ArtificialIntelligence,?,dialog,chit-chat,https://www.reddit.com/r/learnmachinelearning/,
Reddit,ArtificialIntelligence,ArtificialIntelligence,?,dialog,chit-chat,https://www.reddit.com/r/MachineLearning/,
Reddit,ArtificialIntelligence,ArtificialIntelligence,?,dialog,chit-chat,https://www.reddit.com/r/reinforcementlearning/,
Reddit,ArtificialIntelligence,ArtificialIntelligence,?,dialog,chit-chat,https://www.reddit.com/r/computervision/,
Reddit,ArtificialIntelligence,ArtificialIntelligence,?,dialog,chit-chat,https://www.reddit.com/r/LanguageTechnology/,
Reddit,Celebrities,Celebrities,?,dialog,chit-chat,https://www.reddit.com/r/celebrities/,
Reddit,Celebrities,Celebrities,?,dialog,chit-chat,https://www.reddit.com/r/Celebs/,
Reddit,Celebrities,Celebrities,?,dialog,chit-chat,https://www.reddit.com/r/CelebBattles/,
Reddit,Celebrities,Celebrities,?,dialog,chit-chat,https://www.reddit.com/r/CelebrityCandids/,
Reddit,Depression,Depression,?,dialog,chit-chat,https://www.reddit.com/r/depression/,
Reddit,Disaster,Disaster,?,dialog,chit-chat,https://www.reddit.com/r/CatastrophicFailure/,
Reddit,Disaster,Disaster,?,dialog,chit-chat,https://www.reddit.com/r/naturesfury/,
Reddit,Disaster,Disaster,?,dialog,chit-chat,https://www.reddit.com/r/ThingsThatBlowUp/,
Reddit,Disaster,Disaster,?,dialog,chit-chat,https://www.reddit.com/r/DestructionPorn/,
Reddit,Disaster,Disaster,?,dialog,chit-chat,https://www.reddit.com/r/StormComing/,
Reddit,Disaster,Disaster,?,dialog,chit-chat,https://www.reddit.com/r/Conflagration/,
Reddit,Disaster,Disaster,?,dialog,chit-chat,https://www.reddit.com/r/promptcritical/,
Reddit,finance,finance,?,dialog,chit-chat,https://www.reddit.com/r/finance/,
Reddit,finance,finance,?,dialog,chit-chat,https://www.reddit.com/r/economy/,
Reddit,finance,finance,?,dialog,chit-chat,https://www.reddit.com/r/Crypto_Currency_News/,
Reddit,Job,Job,?,dialog,chit-chat,https://www.reddit.com/r/jobs/,"вот тут надо осторожно, там может быть описание вакансий - нам такое не надо"
Reddit,Job,Job,?,dialog,chit-chat,https://www.reddit.com/r/careeradvice/,"тут скорее надо про то кем работаешь, что делаешь"
Reddit,Job,Job,?,dialog,chit-chat,https://www.reddit.com/r/work/,
Reddit,Job,Job,?,dialog,chit-chat,https://www.reddit.com/r/GetEmployed/,
Reddit,Job,Job,?,dialog,chit-chat,https://www.reddit.com/r/humanresources/,
Reddit,Job,Job,?,dialog,chit-chat,https://www.reddit.com/r/cscareerquestions/,
Reddit,Job,Job,?,dialog,chit-chat,https://www.reddit.com/r/Unemployed/,
Reddit,Job,Job,?,dialog,chit-chat,https://www.reddit.com/r/UKJobs/,
Reddit,psychology,psychology,?,dialog,chit-chat,https://www.reddit.com/r/psychology/,
Reddit,psychology,psychology,?,dialog,chit-chat,https://www.reddit.com/r/askpsychology/,
Reddit,psychology,psychology,?,dialog,chit-chat,https://www.reddit.com/r/AcademicPsychology/,
Reddit,psychology,psychology,?,dialog,chit-chat,https://www.reddit.com/r/BehaviorAnalysis/,
Reddit,religion,religion,?,dialog,chit-chat,https://www.reddit.com/r/religion/,
Reddit,religion,religion,?,dialog,chit-chat,https://www.reddit.com/r/AskAChristian/,
Reddit,religion,religion,?,dialog,chit-chat,https://www.reddit.com/r/Christianity/,
Reddit,religion,religion,?,dialog,chit-chat,https://www.reddit.com/r/TrueChristian/,
Reddit,religion,religion,?,dialog,chit-chat,https://www.reddit.com/r/Christians/,
Reddit,religion,religion,?,dialog,chit-chat,https://www.reddit.com/r/Bible/,
Reddit,religion,religion,?,dialog,chit-chat,https://www.reddit.com/r/OrthodoxChristianity/,
Reddit,religion,religion,?,dialog,chit-chat,https://www.reddit.com/r/Catholicism/,
Reddit,religion,religion,?,dialog,chit-chat,https://www.reddit.com/r/atheism/,
Reddit,religion,religion,?,dialog,chit-chat,https://www.reddit.com/r/AcademicBiblical/,
Reddit,Space,Space,?,dialog,chit-chat,https://www.reddit.com/r/space/,
Reddit,Space,Space,?,dialog,chit-chat,https://www.reddit.com/r/Astronomy/,
Reddit,Space,Space,?,dialog,chit-chat,https://www.reddit.com/r/Mars/,
Reddit,Space,Space,?,dialog,chit-chat,https://www.reddit.com/r/astrophotography/,
Reddit,Space,Space,?,dialog,chit-chat,https://www.reddit.com/r/nasa/,
Reddit,Space,Space,?,dialog,chit-chat,https://www.reddit.com/r/askastronomy/,
Reddit,Space,Space,?,dialog,chit-chat,https://www.reddit.com/r/spacex/,
Suicide and depression detection,no label,Depression,232074,reddit,,https://www.kaggle.com/nikhileswarkomati/suicide-watch,
The Self-dialogue Corpus,clothes,fashion,211,dialog,chit-chat,https://github.com/jfainberg/self_dialogue_corpus,
The Self-dialogue Corpus,movies&tv,comedy,414,dialog,chit-chat,https://github.com/jfainberg/self_dialogue_corpus,
The Self-dialogue Corpus,movies&tv,movies,4136,dialog,chit-chat,https://github.com/jfainberg/self_dialogue_corpus,
The Self-dialogue Corpus,movies&tv,fast_furious,343,dialog,chit-chat,https://github.com/jfainberg/self_dialogue_corpus,
The Self-dialogue Corpus,movies&tv,harry_potter,414,dialog,chit-chat,https://github.com/jfainberg/self_dialogue_corpus,
The Self-dialogue Corpus,movies&tv,superhero,414,dialog,chit-chat,https://github.com/jfainberg/self_dialogue_corpus,
The Self-dialogue Corpus,movies&tv,thriller,828,dialog,chit-chat,https://github.com/jfainberg/self_dialogue_corpus,
The Self-dialogue Corpus,movies&tv,star_wars,1728,dialog,chit-chat,https://github.com/jfainberg/self_dialogue_corpus,
The Self-dialogue Corpus,movies&tv,disney,2340,dialog,chit-chat,https://github.com/jfainberg/self_dialogue_corpus,
The Self-dialogue Corpus,movies&tv,horror,414,dialog,chit-chat,https://github.com/jfainberg/self_dialogue_corpus,
The Self-dialogue Corpus,music,rock,684,dialog,chit-chat,https://github.com/jfainberg/self_dialogue_corpus,
The Self-dialogue Corpus,music,pop,684,dialog,chit-chat,https://github.com/jfainberg/self_dialogue_corpus,
The Self-dialogue Corpus,music,beatles,684,dialog,chit-chat,https://github.com/jfainberg/self_dialogue_corpus,
The Self-dialogue Corpus,music,music,4914,dialog,chit-chat,https://github.com/jfainberg/self_dialogue_corpus,
The Self-dialogue Corpus,music,rap_hiphop,684,dialog,chit-chat,https://github.com/jfainberg/self_dialogue_corpus,
The Self-dialogue Corpus,music,transition_music_movies,198,dialog,chit-chat,https://github.com/jfainberg/self_dialogue_corpus,
The Self-dialogue Corpus,music,lady_gaga,558,dialog,chit-chat,https://github.com/jfainberg/self_dialogue_corpus,
The Self-dialogue Corpus,no label,music_and_movies,216,dialog,chit-chat,https://github.com/jfainberg/self_dialogue_corpus,
The Self-dialogue Corpus,no label,action,414,dialog,chit-chat,https://github.com/jfainberg/self_dialogue_corpus,
The Self-dialogue Corpus,sports,baseball,499,dialog,chit-chat,https://github.com/jfainberg/self_dialogue_corpus,
The Self-dialogue Corpus,sports,nfl_football,2808,dialog,chit-chat,https://github.com/jfainberg/self_dialogue_corpus,
The Self-dialogue Corpus,sports,basketball,489,dialog,chit-chat,https://github.com/jfainberg/self_dialogue_corpus,
The Self-dialogue Corpus,sports,icehockey,175,dialog,chit-chat,https://github.com/jfainberg/self_dialogue_corpus,
Women clothes review,clothes,Women clothes,23486,Reviews,,https://www.kaggle.com/nicapotato/womens-ecommerce-clothing-reviews,
yelp reviews,art&hobbies,Arts & Entertainment,342734,Reviews,,https://www.kaggle.com/yelp-dataset/yelp-dataset/code?datasetId=10100&sortBy=dateCreated,
yelp reviews,beauty,Beauty & Spas,501605,Reviews,,https://www.kaggle.com/yelp-dataset/yelp-dataset/code?datasetId=10100&sortBy=dateCreated,
yelp reviews,clothes,Shopping,673987,Reviews,,https://www.kaggle.com/yelp-dataset/yelp-dataset/code?datasetId=10100&sortBy=dateCreated,
yelp reviews,education,American (New),1007968,Reviews,,https://www.kaggle.com/yelp-dataset/yelp-dataset/code?datasetId=10100&sortBy=dateCreated,
yelp reviews,education,American (Traditional),988616,Reviews,,https://www.kaggle.com/yelp-dataset/yelp-dataset/code?datasetId=10100&sortBy=dateCreated,
yelp reviews,education,Mexican,464341,Reviews,,https://www.kaggle.com/yelp-dataset/yelp-dataset/code?datasetId=10100&sortBy=dateCreated,
yelp reviews,education,Italian,450257,Reviews,,https://www.kaggle.com/yelp-dataset/yelp-dataset/code?datasetId=10100&sortBy=dateCreated,
yelp reviews,education,Japanese,379596,Reviews,,https://www.kaggle.com/yelp-dataset/yelp-dataset/code?datasetId=10100&sortBy=dateCreated,
yelp reviews,education,Chinese,318739,Reviews,,https://www.kaggle.com/yelp-dataset/yelp-dataset/code?datasetId=10100&sortBy=dateCreated,
yelp reviews,education,Thai,204726,Reviews,,https://www.kaggle.com/yelp-dataset/yelp-dataset/code?datasetId=10100&sortBy=dateCreated,
yelp reviews,food,Restaurants,5395116,Reviews,,https://www.kaggle.com/yelp-dataset/yelp-dataset/code?datasetId=10100&sortBy=dateCreated,
yelp reviews,food,Food,2244748,Reviews,,https://www.kaggle.com/yelp-dataset/yelp-dataset/code?datasetId=10100&sortBy=dateCreated,
yelp reviews,food,Breakfast & Brunch,904525,Reviews,,https://www.kaggle.com/yelp-dataset/yelp-dataset/code?datasetId=10100&sortBy=dateCreated,
yelp reviews,food,Sandwiches,700945,Reviews,,https://www.kaggle.com/yelp-dataset/yelp-dataset/code?datasetId=10100&sortBy=dateCreated,
yelp reviews,food,Coffee & Tea,585487,Reviews,,https://www.kaggle.com/yelp-dataset/yelp-dataset/code?datasetId=10100&sortBy=dateCreated,
yelp reviews,food,Seafood,545473,Reviews,,https://www.kaggle.com/yelp-dataset/yelp-dataset/code?datasetId=10100&sortBy=dateCreated,
yelp reviews,food,Pizza,482229,Reviews,,https://www.kaggle.com/yelp-dataset/yelp-dataset/code?datasetId=10100&sortBy=dateCreated,
yelp reviews,food,Burgers,451522,Reviews,,https://www.kaggle.com/yelp-dataset/yelp-dataset/code?datasetId=10100&sortBy=dateCreated,
yelp reviews,food,Desserts,379245,Reviews,,https://www.kaggle.com/yelp-dataset/yelp-dataset/code?datasetId=10100&sortBy=dateCreated,
yelp reviews,food,Bakeries,342145,Reviews,,https://www.kaggle.com/yelp-dataset/yelp-dataset/code?datasetId=10100&sortBy=dateCreated,
yelp reviews,food,Salad,336580,Reviews,,https://www.kaggle.com/yelp-dataset/yelp-dataset/code?datasetId=10100&sortBy=dateCreated,
yelp reviews,food,Specialty Food,325571,Reviews,,https://www.kaggle.com/yelp-dataset/yelp-dataset/code?datasetId=10100&sortBy=dateCreated,
yelp reviews,food,Sushi Bars,316949,Reviews,,https://www.kaggle.com/yelp-dataset/yelp-dataset/code?datasetId=10100&sortBy=dateCreated,
yelp reviews,food,Beer,295001,Reviews,,https://www.kaggle.com/yelp-dataset/yelp-dataset/code?datasetId=10100&sortBy=dateCreated,
yelp reviews,food,Wine & Spirits,295001,Reviews,,https://www.kaggle.com/yelp-dataset/yelp-dataset/code?datasetId=10100&sortBy=dateCreated,
yelp reviews,food,Cafes,284243,Reviews,,https://www.kaggle.com/yelp-dataset/yelp-dataset/code?datasetId=10100&sortBy=dateCreated,
yelp reviews,food,Vegetarian,269930,Reviews,,https://www.kaggle.com/yelp-dataset/yelp-dataset/code?datasetId=10100&sortBy=dateCreated,
yelp reviews,food,Fast Food,252874,Reviews,,https://www.kaggle.com/yelp-dataset/yelp-dataset/code?datasetId=10100&sortBy=dateCreated,
yelp reviews,food,Caterers,232757,Reviews,,https://www.kaggle.com/yelp-dataset/yelp-dataset/code?datasetId=10100&sortBy=dateCreated,
yelp reviews,food,Steakhouses,228893,Reviews,,https://www.kaggle.com/yelp-dataset/yelp-dataset/code?datasetId=10100&sortBy=dateCreated,
yelp reviews,food,Barbeque,218174,Reviews,,https://www.kaggle.com/yelp-dataset/yelp-dataset/code?datasetId=10100&sortBy=dateCreated,
yelp reviews,food,Gluten-Free,205494,Reviews,,https://www.kaggle.com/yelp-dataset/yelp-dataset/code?datasetId=10100&sortBy=dateCreated,
yelp reviews,food,Ice Cream & Frozen Yogurt,179824,Reviews,,https://www.kaggle.com/yelp-dataset/yelp-dataset/code?datasetId=10100&sortBy=dateCreated,
yelp reviews,health&medicine,Health & Medical,298020,Reviews,,https://www.kaggle.com/yelp-dataset/yelp-dataset/code?datasetId=10100&sortBy=dateCreated,
yelp reviews,home&design,Home Services,334400,Reviews,,https://www.kaggle.com/yelp-dataset/yelp-dataset/code?datasetId=10100&sortBy=dateCreated,
yelp reviews,leisure,Nightlife,1782558,Reviews,,https://www.kaggle.com/yelp-dataset/yelp-dataset/code?datasetId=10100&sortBy=dateCreated,
yelp reviews,leisure,Bars,1689064,Reviews,,https://www.kaggle.com/yelp-dataset/yelp-dataset/code?datasetId=10100&sortBy=dateCreated,
yelp reviews,leisure,Cocktail Bars,392242,Reviews,,https://www.kaggle.com/yelp-dataset/yelp-dataset/code?datasetId=10100&sortBy=dateCreated,
yelp reviews,leisure,Active Life,303109,Reviews,,https://www.kaggle.com/yelp-dataset/yelp-dataset/code?datasetId=10100&sortBy=dateCreated,
yelp reviews,leisure,Pubs,253928,Reviews,,https://www.kaggle.com/yelp-dataset/yelp-dataset/code?datasetId=10100&sortBy=dateCreated,
yelp reviews,leisure,Wine Bars,245455,Reviews,,https://www.kaggle.com/yelp-dataset/yelp-dataset/code?datasetId=10100&sortBy=dateCreated,
yelp reviews,leisure,Lounges,202152,Reviews,,https://www.kaggle.com/yelp-dataset/yelp-dataset/code?datasetId=10100&sortBy=dateCreated,
yelp reviews,no label,Event Planning & Services,663839,Reviews,,https://www.kaggle.com/yelp-dataset/yelp-dataset/code?datasetId=10100&sortBy=dateCreated,
yelp reviews,no label,Asian Fusion,298642,Reviews,,https://www.kaggle.com/yelp-dataset/yelp-dataset/code?datasetId=10100&sortBy=dateCreated,
yelp reviews,no label,Local Services,272848,Reviews,,https://www.kaggle.com/yelp-dataset/yelp-dataset/code?datasetId=10100&sortBy=dateCreated,
yelp reviews,no label,Venues & Event Spaces,241536,Reviews,,https://www.kaggle.com/yelp-dataset/yelp-dataset/code?datasetId=10100&sortBy=dateCreated,
yelp reviews,no label,Southern,199845,Reviews,,https://www.kaggle.com/yelp-dataset/yelp-dataset/code?datasetId=10100&sortBy=dateCreated,
yelp reviews,sports,Sports Bars,186341,Reviews,,https://www.kaggle.com/yelp-dataset/yelp-dataset/code?datasetId=10100&sortBy=dateCreated,
yelp reviews,transport,Automotive,293384,Reviews,,https://www.kaggle.com/yelp-dataset/yelp-dataset/code?datasetId=10100&sortBy=dateCreated,
yelp reviews,travel,Hotels & Travel,339026,Reviews,,https://www.kaggle.com/yelp-dataset/yelp-dataset/code?datasetId=10100&sortBy=dateCreated,
medium-stories,finance,cryptocurrency,44221,publications,,https://www.kaggle.com/harrisonjansma/medium-stories/code,
medium-stories,music,music,42759,publications,,https://www.kaggle.com/harrisonjansma/medium-stories/code,
medium-stories,finance,blockchain,42610,publications,,https://www.kaggle.com/harrisonjansma/medium-stories/code,
medium-stories,travel,travel,41416,publications,,https://www.kaggle.com/harrisonjansma/medium-stories/code,
medium-stories,Books&Literature,poetry,40165,publications,,https://www.kaggle.com/harrisonjansma/medium-stories/code,
medium-stories,finance,ethereum,40164,publications,,https://www.kaggle.com/harrisonjansma/medium-stories/code,
medium-stories,no label,life-lessons,38896,publications,,https://www.kaggle.com/harrisonjansma/medium-stories/code,
medium-stories,no label,startup,38336,publications,,https://www.kaggle.com/harrisonjansma/medium-stories/code,
medium-stories,Health&Medicine,health,37254,publications,,https://www.kaggle.com/harrisonjansma/medium-stories/code,
medium-stories,News,love,37106,publications,,https://www.kaggle.com/harrisonjansma/medium-stories/code,
medium-stories,no label,business,36452,publications,,https://www.kaggle.com/harrisonjansma/medium-stories/code,
medium-stories,food,food,35239,publications,,https://www.kaggle.com/harrisonjansma/medium-stories/code,
medium-stories,politics,politics,34514,publications,,https://www.kaggle.com/harrisonjansma/medium-stories/code,
medium-stories,no label,design,33775,publications,,https://www.kaggle.com/harrisonjansma/medium-stories/code,
medium-stories,Advice,productivity,33719,publications,,https://www.kaggle.com/harrisonjansma/medium-stories/code,
medium-stories,no label,social-media,33532,publications,,https://www.kaggle.com/harrisonjansma/medium-stories/code,
medium-stories,education,education,32862,publications,,https://www.kaggle.com/harrisonjansma/medium-stories/code,
medium-stories,Family&Relationships,relationships,32424,publications,,https://www.kaggle.com/harrisonjansma/medium-stories/code,
medium-stories,Science&Technology,web-development,32083,publications,,https://www.kaggle.com/harrisonjansma/medium-stories/code,
medium-stories,Advice,leadership,31363,publications,,https://www.kaggle.com/harrisonjansma/medium-stories/code,
medium-stories,no label,writing,31053,publications,,https://www.kaggle.com/harrisonjansma/medium-stories/code,
medium-stories,photography,photography,31025,publications,,https://www.kaggle.com/harrisonjansma/medium-stories/code,
medium-stories,Science&Technology,javascript,30813,publications,,https://www.kaggle.com/harrisonjansma/medium-stories/code,
medium-stories,Science&Technology,programming,30448,publications,,https://www.kaggle.com/harrisonjansma/medium-stories/code,
medium-stories,Science&Technology,technology,30214,publications,,https://www.kaggle.com/harrisonjansma/medium-stories/code,
medium-stories,Science&Technology,tech,29712,publications,,https://www.kaggle.com/harrisonjansma/medium-stories/code,
medium-stories,Advice,inspiration,29296,publications,,https://www.kaggle.com/harrisonjansma/medium-stories/code,
medium-stories,movies,movies,27822,publications,,https://www.kaggle.com/harrisonjansma/medium-stories/code,
medium-stories,news,news,27497,publications,,https://www.kaggle.com/harrisonjansma/medium-stories/code,
medium-stories,Advice,life,27129,publications,,https://www.kaggle.com/harrisonjansma/medium-stories/code,
medium-stories,Sports,sports,26523,publications,,https://www.kaggle.com/harrisonjansma/medium-stories/code,
medium-stories,no label,entrepreneurship,26457,publications,,https://www.kaggle.com/harrisonjansma/medium-stories/code,
medium-stories,Books&Literature,fiction,26210,publications,,https://www.kaggle.com/harrisonjansma/medium-stories/code,
medium-stories,Science&Technology,ux,25891,publications,,https://www.kaggle.com/harrisonjansma/medium-stories/code,
medium-stories,humor,humor,25375,publications,,https://www.kaggle.com/harrisonjansma/medium-stories/code,
medium-stories,Advice,personal-development,25288,publications,,https://www.kaggle.com/harrisonjansma/medium-stories/code,
medium-stories,ArtificialIntelligence,machine-learning,25175,publications,,https://www.kaggle.com/harrisonjansma/medium-stories/code,
medium-stories,Advice,self-improvement,24588,publications,,https://www.kaggle.com/harrisonjansma/medium-stories/code,
medium-stories,no label,creativity,24276,publications,,https://www.kaggle.com/harrisonjansma/medium-stories/code,
medium-stories,no label,culture,23534,publications,,https://www.kaggle.com/harrisonjansma/medium-stories/code,
medium-stories,finance,investing,22899,publications,,https://www.kaggle.com/harrisonjansma/medium-stories/code,
medium-stories,Advice,motivation,21821,publications,,https://www.kaggle.com/harrisonjansma/medium-stories/code,
medium-stories,Books&Literature,books,20882,publications,,https://www.kaggle.com/harrisonjansma/medium-stories/code,
medium-stories,Psychology,psychology,20811,publications,,https://www.kaggle.com/harrisonjansma/medium-stories/code,
medium-stories,no label,marketing,19402,publications,,https://www.kaggle.com/harrisonjansma/medium-stories/code,
medium-stories,no label,women,19208,publications,,https://www.kaggle.com/harrisonjansma/medium-stories/code,
medium-stories,Science&Technology,science,18273,publications,,https://www.kaggle.com/harrisonjansma/medium-stories/code,
medium-stories,Family&Relationships,parenting,17295,publications,,https://www.kaggle.com/harrisonjansma/medium-stories/code,
medium-stories,education,history,17096,publications,,https://www.kaggle.com/harrisonjansma/medium-stories/code,
medium-stories,no label,feminism,16946,publications,,https://www.kaggle.com/harrisonjansma/medium-stories/code,
medium-stories,Books&Literature,poem,15865,publications,,https://www.kaggle.com/harrisonjansma/medium-stories/code,
medium-stories,ArtificialIntelligence,data-science,15424,publications,,https://www.kaggle.com/harrisonjansma/medium-stories/code,
medium-stories,no label,environment,15352,publications,,https://www.kaggle.com/harrisonjansma/medium-stories/code,
medium-stories,finance,economics,12566,publications,,https://www.kaggle.com/harrisonjansma/medium-stories/code,
medium-stories,politics,donald-trump,12542,publications,,https://www.kaggle.com/harrisonjansma/medium-stories/code,
medium-stories,Advice,happiness,12459,publications,,https://www.kaggle.com/harrisonjansma/medium-stories/code,
medium-stories,finance,trump,12444,publications,,https://www.kaggle.com/harrisonjansma/medium-stories/code,
medium-stories,Job,work,12353,publications,,https://www.kaggle.com/harrisonjansma/medium-stories/code,
medium-stories,no label,journalism,12258,publications,,https://www.kaggle.com/harrisonjansma/medium-stories/code,
medium-stories,no label,blog,11877,publications,,https://www.kaggle.com/harrisonjansma/medium-stories/code,
medium-stories,no label,google,11438,publications,,https://www.kaggle.com/harrisonjansma/medium-stories/code,
medium-stories,no label,branding,11376,publications,,https://www.kaggle.com/harrisonjansma/medium-stories/code,
medium-stories,Science&Technology,ios,11232,publications,,https://www.kaggle.com/harrisonjansma/medium-stories/code,
medium-stories,Science&Technology,web-design,10891,publications,,https://www.kaggle.com/harrisonjansma/medium-stories/code,
medium-stories,politics,government,10434,publications,,https://www.kaggle.com/harrisonjansma/medium-stories/code,
medium-stories,finance,venture-capital,9841,publications,,https://www.kaggle.com/harrisonjansma/medium-stories/code,
medium-stories,hate,racism,9670,publications,,https://www.kaggle.com/harrisonjansma/medium-stories/code,
medium-stories,Science&Technology,python,9530,publications,,https://www.kaggle.com/harrisonjansma/medium-stories/code,
medium-stories,no label,data,9420,publications,,https://www.kaggle.com/harrisonjansma/medium-stories/code,
medium-stories,Science&Technology,react,9301,publications,,https://www.kaggle.com/harrisonjansma/medium-stories/code,
medium-stories,Job,jobs,9201,publications,,https://www.kaggle.com/harrisonjansma/medium-stories/code,
medium-stories,education,college,8881,publications,,https://www.kaggle.com/harrisonjansma/medium-stories/code,
medium-stories,sports,football,8851,publications,,https://www.kaggle.com/harrisonjansma/medium-stories/code,
medium-stories,no label,energy,8309,publications,,https://www.kaggle.com/harrisonjansma/medium-stories/code,
medium-stories,Gadjets,mobile,8217,publications,,https://www.kaggle.com/harrisonjansma/medium-stories/code,
medium-stories,no label,wordpress,8131,publications,,https://www.kaggle.com/harrisonjansma/medium-stories/code,
medium-stories,no label,blogging,7758,publications,,https://www.kaggle.com/harrisonjansma/medium-stories/code,
medium-stories,sports,nba,7287,publications,,https://www.kaggle.com/harrisonjansma/medium-stories/code,
medium-stories,hate,blacklivesmatter,6920,publications,,https://www.kaggle.com/harrisonjansma/medium-stories/code,
medium-stories,ArtificialIntelligence,deep-learning,6612,publications,,https://www.kaggle.com/harrisonjansma/medium-stories/code,
medium-stories,no label,product-design,6382,publications,,https://www.kaggle.com/harrisonjansma/medium-stories/code,
medium-stories,Animals&Pets,dogs,6149,publications,,https://www.kaggle.com/harrisonjansma/medium-stories/code,
medium-stories,food,nutrition,5952,publications,,https://www.kaggle.com/harrisonjansma/medium-stories/code,
medium-stories,ArtificialIntelligence,data-visualization,4334,publications,,https://www.kaggle.com/harrisonjansma/medium-stories/code,
medium-stories,Science&Technology,software-engineering,3874,publications,,https://www.kaggle.com/harrisonjansma/medium-stories/code,
medium-stories,no label,medium,3336,publications,,https://www.kaggle.com/harrisonjansma/medium-stories/code,
medium-stories,Science&Technology,computer-science,1344,publications,,https://www.kaggle.com/harrisonjansma/medium-stories/code,